{"components": ["1_bg.svg", "2_New_Layer_1653473784.866619.svg", "3_New_Layer_1653473784.8683872.svg", "4_New_Layer_1653473784.8689163.svg", "5_New_Layer_1653473784.8694184.svg", "6_New_Layer_1653473784.8699615.svg", "7_New_Layer_1653473784.8704696.svg", "8_New_Layer_1653473784.8709805.svg", "9_New_Layer_1653473784.8715072.svg", "10_New_Layer_1653473784.872023.svg", "11_New_Layer_1653473784.8725324.svg", "12_New_Layer_1653473784.8730433.svg", "13_New_Layer_1653473784.873546.svg", "14_New_Layer_1653473784.8740573.svg", "15_New_Layer_1653473784.8745584.svg", "16_New_Layer_1653473784.875075.svg", "17_New_Layer_1653473784.8755848.svg", "18_New_Layer_1653473784.876097.svg", "19_New_Layer_1653473784.8766077.svg", "20_New_Layer_1653473784.8771224.svg", "21_New_Layer_1653473784.8776257.svg", "22_New_Layer_1653473784.8781562.svg"], "components_data": {"1_bg.svg": {"type": "locked", "top": 2.0, "bottom": 399.0, "left": 1.0, "right": 470.0, "translate_x": 0.0, "translate_y": 0.0}, "2_New_Layer_1653473784.866619.svg": {"type": "component", "top": 142.38, "bottom": 157.62, "left": 22.0, "right": 42.0, "translate_x": 0.0, "translate_y": 0.0}, "3_New_Layer_1653473784.8683872.svg": {"type": "component", "top": 176.0, "bottom": 196.0, "left": 22.0, "right": 42.0, "translate_x": 0.0, "translate_y": 0.0}, "4_New_Layer_1653473784.8689163.svg": {"type": "component", "top": 212.0, "bottom": 232.0, "left": 22.0, "right": 42.0, "translate_x": 0.0, "translate_y": 0.0}, "5_New_Layer_1653473784.8694184.svg": {"type": "component", "top": 248.25, "bottom": 267.75, "left": 22.0, "right": 42.0, "translate_x": 0.0, "translate_y": 0.0}, "6_New_Layer_1653473784.8699615.svg": {"type": "component", "top": 284.75, "bottom": 303.25, "left": 22.0, "right": 42.0, "translate_x": 0.0, "translate_y": 0.0}, "7_New_Layer_1653473784.8704696.svg": {"type": "component", "top": 320.0, "bottom": 340.0, "left": 24.91, "right": 39.09, "translate_x": 0.0, "translate_y": 0.0}, "8_New_Layer_1653473784.8709805.svg": {"type": "component", "top": 357.67, "bottom": 375.67, "left": 21.17, "right": 39.17, "translate_x": 0.0, "translate_y": 0.0}, "9_New_Layer_1653473784.8715072.svg": {"type": "component", "top": 139.65, "bottom": 159.65, "left": 172.55, "right": 190.83, "translate_x": 0.0, "translate_y": 0.0}, "10_New_Layer_1653473784.872023.svg": {"type": "component", "top": 175.65, "bottom": 195.65, "left": 171.69, "right": 191.69, "translate_x": 0.0, "translate_y": 0.0}, "11_New_Layer_1653473784.8725324.svg": {"type": "component", "top": 212.65, "bottom": 230.65, "left": 172.69, "right": 190.69, "translate_x": 0.0, "translate_y": 0.0}, "12_New_Layer_1653473784.8730433.svg": {"type": "component", "top": 247.65, "bottom": 267.65, "left": 172.36, "right": 191.02, "translate_x": 0.0, "translate_y": 0.0}, "13_New_Layer_1653473784.873546.svg": {"type": "component", "top": 285.32, "bottom": 303.32, "left": 172.29, "right": 190.29, "translate_x": 0.0, "translate_y": 0.0}, "14_New_Layer_1653473784.8740573.svg": {"type": "component", "top": 320.32, "bottom": 340.32, "left": 171.29, "right": 191.29, "translate_x": 0.0, "translate_y": 0.0}, "15_New_Layer_1653473784.8745584.svg": {"type": "component", "top": 356.47, "bottom": 376.16, "left": 171.29, "right": 191.29, "translate_x": 0.0, "translate_y": 0.0}, "16_New_Layer_1653473784.875075.svg": {"type": "component", "top": 139.39, "bottom": 159.39, "left": 334.39, "right": 354.39, "translate_x": 0.0, "translate_y": 0.0}, "17_New_Layer_1653473784.8755848.svg": {"type": "component", "top": 178.97, "bottom": 191.81, "left": 334.39, "right": 354.39, "translate_x": 0.0, "translate_y": 0.0}, "18_New_Layer_1653473784.876097.svg": {"type": "component", "top": 212.06, "bottom": 232.06, "left": 333.99, "right": 351.13, "translate_x": 0.0, "translate_y": 0.0}, "19_New_Layer_1653473784.8766077.svg": {"type": "component", "top": 249.27, "bottom": 265.52, "left": 334.39, "right": 354.39, "translate_x": 0.0, "translate_y": 0.0}, "20_New_Layer_1653473784.8771224.svg": {"type": "component", "top": 284.68, "bottom": 302.1, "left": 335.39, "right": 353.39, "translate_x": 0.0, "translate_y": 0.0}, "21_New_Layer_1653473784.8776257.svg": {"type": "component", "top": 320.06, "bottom": 340.06, "left": 334.58, "right": 350.55, "translate_x": 0.0, "translate_y": 0.0}, "22_New_Layer_1653473784.8781562.svg": {"type": "component", "top": 358.38, "bottom": 372.4, "left": 334.39, "right": 354.39, "translate_x": 0.0, "translate_y": 0.0}}}